Netflix,module-border-wrap-netflix,https://upload.wikimedia.org/wikipedia/commons/thumb/7/75/Netflix_icon.svg/407px-Netflix_icon.svg.png?20220806170125,Pokemon: Indigo League,https://upload.wikimedia.org/wikipedia/en/thumb/2/27/Pokemonseason1DVDBoxSet.jpg/225px-Pokemonseason1DVDBoxSet.jpg,203,291,1,1,
Amazon Prime Video,module-border-wrap-amazon-prime-video,https://m.media-amazon.com/images/I/413+SVFO39L.png,Pokemon: Indigo League,https://m.media-amazon.com/images/I/81UATQeskAL._AC_UY218_.jpg,193,145,2,1,
Amazon Prime Video,module-border-wrap-amazon-prime-video,https://m.media-amazon.com/images/I/413+SVFO39L.png,Pokemon: Adventures in the Orange Islands,https://m.media-amazon.com/images/I/91fTCmi8p0L._AC_UY218_.jpg,193,145,2,2,ADDL $3/mo
Amazon Prime Video,module-border-wrap-amazon-prime-video,https://m.media-amazon.com/images/I/413+SVFO39L.png,Pokemon: Adventures in the Orange Islands,https://m.media-amazon.com/images/I/814OJeTFLwL._AC_UY218_.jpg,193,145,2,3,ADDL $3/mo
Amazon Prime Video,module-border-wrap-amazon-prime-video,https://m.media-amazon.com/images/I/413+SVFO39L.png,Pokemon: Adventures in the Orange Islands,https://m.media-amazon.com/images/I/81-FV7V7tAL._AC_UY218_.jpg,193,145,2,4,ADDL $3/mo
Amazon Prime Video,module-border-wrap-amazon-prime-video,https://m.media-amazon.com/images/I/413+SVFO39L.png,Pokemon: Adventures in the Orange Islands,https://m.media-amazon.com/images/I/81s5ftZcucL._AC_UY218_.jpg,193,145,2,5,ADDL $3/mo
Amazon Prime Video,module-border-wrap-amazon-prime-video,https://m.media-amazon.com/images/I/413+SVFO39L.png,Pokemon the Series: Gold and Silver - The Johto Journeys,https://m.media-amazon.com/images/I/91m65y8KLyL._AC_UY218_.jpg,193,145,3,1,
Amazon Prime Video,module-border-wrap-amazon-prime-video,https://m.media-amazon.com/images/I/413+SVFO39L.png,Pokemon the Series: Gold and Silver - The Johto Journeys,https://m.media-amazon.com/images/I/91KXAfalpDL._AC_UY218_.jpg,193,145,3,2,
Amazon Prime Video,module-border-wrap-amazon-prime-video,https://m.media-amazon.com/images/I/413+SVFO39L.png,Pokemon the Series: Gold and Silver - The Johto Journeys,https://m.media-amazon.com/images/I/911e70OPwfL._AC_UY218_.jpg,193,145,3,3,
Amazon Prime Video,module-border-wrap-amazon-prime-video,https://m.media-amazon.com/images/I/413+SVFO39L.png,Pokemon the Series: Gold and Silver - The Johto Journeys,https://m.media-amazon.com/images/I/91FgexGIcFL._AC_UY218_.jpg,193,145,3,4,
Amazon Prime Video,module-border-wrap-amazon-prime-video,https://m.media-amazon.com/images/I/413+SVFO39L.png,Pokemon the Series: Gold and Silver - Johto League Champions,https://m.media-amazon.com/images/I/91EHFpUgLbL._AC_UY218_.jpg,193,145,4,1,
Amazon Prime Video,module-border-wrap-amazon-prime-video,https://m.media-amazon.com/images/I/413+SVFO39L.png,Pokemon the Series: Gold and Silver - Johto League Champions,https://m.media-amazon.com/images/I/91Vz9ffvBjL._AC_UY218_.jpg,193,145,4,2,
Amazon Prime Video,module-border-wrap-amazon-prime-video,https://m.media-amazon.com/images/I/413+SVFO39L.png,Pokemon the Series: Gold and Silver - Johto League Champions,https://m.media-amazon.com/images/I/91ZwtTfnYQL._AC_UY218_.jpg,193,145,4,3,
Amazon Prime Video,module-border-wrap-amazon-prime-video,https://m.media-amazon.com/images/I/413+SVFO39L.png,Pokemon the Series: Gold and Silver - Johto League Champions,https://m.media-amazon.com/images/I/91DTfmGBlBL._AC_UY218_.jpg,193,145,4,4,
Amazon Prime Video,module-border-wrap-amazon-prime-video,https://m.media-amazon.com/images/I/413+SVFO39L.png,Pokemon the Series: Gold and Silver - Master Quest,https://m.media-amazon.com/images/I/91177VDSbHL._AC_UY218_.jpg,193,145,5,1,
Amazon Prime Video,module-border-wrap-amazon-prime-video,https://m.media-amazon.com/images/I/413+SVFO39L.png,Pokemon the Series: Gold and Silver - Master Quest,https://m.media-amazon.com/images/I/91muWcOGHkL._AC_UY218_.jpg,193,145,5,2,
Amazon Prime Video,module-border-wrap-amazon-prime-video,https://m.media-amazon.com/images/I/413+SVFO39L.png,Pokemon the Series: Gold and Silver - Master Quest,https://m.media-amazon.com/images/I/91wpfHct19L._AC_UY218_.jpg,193,145,5,3,
Amazon Prime Video,module-border-wrap-amazon-prime-video,https://m.media-amazon.com/images/I/413+SVFO39L.png,Pokemon the Series: Gold and Silver - Master Quest,https://m.media-amazon.com/images/I/914LP-0LD-L._AC_UY218_.jpg,193,145,5,4,
Amazon Prime Video,module-border-wrap-amazon-prime-video,https://m.media-amazon.com/images/I/413+SVFO39L.png,Pokemon the Series: Gold and Silver - Master Quest,https://m.media-amazon.com/images/I/91MoETCLgFL._AC_UY218_.jpg,193,145,5,5,
Amazon Prime Video,module-border-wrap-amazon-prime-video,https://m.media-amazon.com/images/I/413+SVFO39L.png,Pokemon the Series: Ruby & Sapphire - Advanced,https://m.media-amazon.com/images/I/81LcUsenhgL._AC_UY218_.jpg,193,145,6,1,
Amazon Prime Video,module-border-wrap-amazon-prime-video,https://m.media-amazon.com/images/I/413+SVFO39L.png,Pokemon the Series: Ruby & Sapphire - Advanced,https://m.media-amazon.com/images/I/81uGdGvaM+L._AC_UY218_.jpg,193,145,6,2,
Amazon Prime Video,module-border-wrap-amazon-prime-video,https://m.media-amazon.com/images/I/413+SVFO39L.png,Pokemon the Series: Ruby & Sapphire - Advanced,https://m.media-amazon.com/images/I/81dxj80U3kL._AC_UY218_.jpg,193,145,6,3,
Amazon Prime Video,module-border-wrap-amazon-prime-video,https://m.media-amazon.com/images/I/413+SVFO39L.png,Pokemon the Series: Ruby & Sapphire - Advanced Challenge,https://m.media-amazon.com/images/I/81lj9YwS7jL._AC_UY218_.jpg,193,145,7,1,
Amazon Prime Video,module-border-wrap-amazon-prime-video,https://m.media-amazon.com/images/I/413+SVFO39L.png,Pokemon the Series: Ruby & Sapphire - Advanced Challenge,https://m.media-amazon.com/images/I/81dIOcL0+uL._AC_UY218_.jpg,193,145,7,2,
Amazon Prime Video,module-border-wrap-amazon-prime-video,https://m.media-amazon.com/images/I/413+SVFO39L.png,Pokemon the Series: Ruby & Sapphire - Advanced Challenge,https://m.media-amazon.com/images/I/81jqXOmszaL._AC_UY218_.jpg,193,145,7,3,
Amazon Prime Video,module-border-wrap-amazon-prime-video,https://m.media-amazon.com/images/I/413+SVFO39L.png,Pokemon the Series: Ruby & Sapphire - Advanced Challenge,https://m.media-amazon.com/images/I/812L-9vsHAL._AC_UY218_.jpg,193,145,7,4,
Amazon Prime Video,module-border-wrap-amazon-prime-video,https://m.media-amazon.com/images/I/413+SVFO39L.png,Pokemon the Series: Ruby & Sapphire - Advanced Battle,https://m.media-amazon.com/images/I/81VV01w9rLL._AC_UY218_.jpg,193,145,8,1,
Amazon Prime Video,module-border-wrap-amazon-prime-video,https://m.media-amazon.com/images/I/413+SVFO39L.png,Pokemon the Series: Ruby & Sapphire - Advanced Battle,https://m.media-amazon.com/images/I/81VV01w9rLL._AC_UY218_.jpg,193,145,8,2,
Amazon Prime Video,module-border-wrap-amazon-prime-video,https://m.media-amazon.com/images/I/413+SVFO39L.png,Pokemon the Series: Ruby & Sapphire - Advanced Battle,https://m.media-amazon.com/images/I/81IGlwpnz3L._AC_UY218_.jpg,193,145,8,3,
Amazon Prime Video,module-border-wrap-amazon-prime-video,https://m.media-amazon.com/images/I/413+SVFO39L.png,Pokemon the Series: Ruby & Sapphire - Advanced Battle,https://m.media-amazon.com/images/I/81WDuZNGYYL._AC_UY218_.jpg,193,145,8,4,
Amazon Prime Video,module-border-wrap-amazon-prime-video,https://m.media-amazon.com/images/I/413+SVFO39L.png,Pokemon the Series: Ruby & Sapphire - Battle Frontier,https://m.media-amazon.com/images/I/81IcuMvBUFL._AC_UY218_.jpg,193,145,9,1,
Amazon Prime Video,module-border-wrap-amazon-prime-video,https://m.media-amazon.com/images/I/413+SVFO39L.png,Pokemon the Series: Ruby & Sapphire - Battle Frontier,https://m.media-amazon.com/images/I/81nzZpnPxTL._AC_UY218_.jpg,193,145,9,2,
Amazon Prime Video,module-border-wrap-amazon-prime-video,https://m.media-amazon.com/images/I/413+SVFO39L.png,Pokemon the Series: Ruby & Sapphire - Battle Frontier,https://m.media-amazon.com/images/I/8179o+sJDFL._AC_UY218_.jpg,193,145,9,3,
Amazon Prime Video,module-border-wrap-amazon-prime-video,https://m.media-amazon.com/images/I/413+SVFO39L.png,Pokemon the Series: Ruby & Sapphire - Battle Frontier,https://m.media-amazon.com/images/I/81VXJtovRtL._AC_UY218_.jpg,193,145,9,4,
Amazon Prime Video,module-border-wrap-amazon-prime-video,https://m.media-amazon.com/images/I/413+SVFO39L.png,Pokemon the Series: Diamond and Pearl,https://m.media-amazon.com/images/I/81tPGvTDL1L._AC_UY218_.jpg,193,145,10,1,ADDL $3/mo
Amazon Prime Video,module-border-wrap-amazon-prime-video,https://m.media-amazon.com/images/I/413+SVFO39L.png,Pokemon the Series: Diamond and Pearl,https://m.media-amazon.com/images/I/81ZN4vn-R4L._AC_UY218_.jpg,193,145,10,2,ADDL $3/mo
Amazon Prime Video,module-border-wrap-amazon-prime-video,https://m.media-amazon.com/images/I/413+SVFO39L.png,Pokemon the Series: Diamond and Pearl,https://m.media-amazon.com/images/I/91Ux0E8uiRL._AC_UY218_.jpg,193,145,10,3,ADDL $3/mo
Amazon Prime Video,module-border-wrap-amazon-prime-video,https://m.media-amazon.com/images/I/413+SVFO39L.png,Pokemon the Series: Diamond and Pearl,https://m.media-amazon.com/images/I/913OJ3bZ7EL._AC_UY218_.jpg,193,145,10,4,ADDL $3/mo
Amazon Prime Video,module-border-wrap-amazon-prime-video,https://m.media-amazon.com/images/I/413+SVFO39L.png,Pokemon the Series: Diamond and Pearl - Battle Dimension,https://m.media-amazon.com/images/I/91LkGyRLvLL._AC_UY218_.jpg,193,145,11,1,ADDL $3/mo
Amazon Prime Video,module-border-wrap-amazon-prime-video,https://m.media-amazon.com/images/I/413+SVFO39L.png,Pokemon the Series: Diamond and Pearl - Battle Dimension,https://m.media-amazon.com/images/I/91XODnw+vAL._AC_UY218_.jpg,193,145,11,2,ADDL $3/mo
Amazon Prime Video,module-border-wrap-amazon-prime-video,https://m.media-amazon.com/images/I/413+SVFO39L.png,Pokemon the Series: Diamond and Pearl - Battle Dimension,https://m.media-amazon.com/images/I/819u3-v5AEL._AC_UY218_.jpg,193,145,11,3,ADDL $3/mo
Amazon Prime Video,module-border-wrap-amazon-prime-video,https://m.media-amazon.com/images/I/413+SVFO39L.png,Pokemon the Series: Diamond and Pearl - Battle Dimension,https://m.media-amazon.com/images/I/91fDzQowInL._AC_UY218_.jpg,193,145,11,4,ADDL $3/mo
Amazon Prime Video,module-border-wrap-amazon-prime-video,https://m.media-amazon.com/images/I/413+SVFO39L.png,Pokemon the Series: Diamond and Pearl - Galactic Battles,https://m.media-amazon.com/images/I/91Ya+d9iD1L._AC_UY218_.jpg,193,145,12,1,ADDL $3/mo
Amazon Prime Video,module-border-wrap-amazon-prime-video,https://m.media-amazon.com/images/I/413+SVFO39L.png,Pokemon the Series: Diamond and Pearl - Galactic Battles,https://m.media-amazon.com/images/I/91qtRpSxcwL._AC_UY218_.jpg,193,145,12,2,ADDL $3/mo
Amazon Prime Video,module-border-wrap-amazon-prime-video,https://m.media-amazon.com/images/I/413+SVFO39L.png,Pokemon the Series: Diamond and Pearl - Galactic Battles,https://m.media-amazon.com/images/I/91KsVDwfY3L._AC_UY218_.jpg,193,145,12,3,ADDL $3/mo
Amazon Prime Video,module-border-wrap-amazon-prime-video,https://m.media-amazon.com/images/I/413+SVFO39L.png,Pokemon the Series: Diamond and Pearl - Galactic Battles,https://m.media-amazon.com/images/I/91Wz+LdpaML._AC_UY218_.jpg,193,145,12,4,ADDL $3/mo
Amazon Prime Video,module-border-wrap-amazon-prime-video,https://m.media-amazon.com/images/I/413+SVFO39L.png,Pokemon the Series: Diamond and Pearl - Sinnoh League Victors,https://m.media-amazon.com/images/I/91WWjfhJy3L._AC_UY218_.jpg,193,145,13,1,ADDL $3/mo
Amazon Prime Video,module-border-wrap-amazon-prime-video,https://m.media-amazon.com/images/I/413+SVFO39L.png,Pokemon the Series: Diamond and Pearl - Sinnoh League Victors,https://m.media-amazon.com/images/I/91FsUiVnkAL._AC_UY218_.jpg,193,145,13,2,ADDL $3/mo
Amazon Prime Video,module-border-wrap-amazon-prime-video,https://m.media-amazon.com/images/I/413+SVFO39L.png,Pokemon the Series: Diamond and Pearl - Sinnoh League Victors,https://m.media-amazon.com/images/I/71wThDcdOWL._AC_UY218_.jpg,193,145,13,3,ADDL $3/mo
Amazon Prime Video,module-border-wrap-amazon-prime-video,https://m.media-amazon.com/images/I/413+SVFO39L.png,Pokemon: Black and White,https://m.media-amazon.com/images/S/pv-target-images/b5a5a7e382e585382532c24214206cda18de5f9931e73a2642cf19b3899512f9.jpg,193,145,14,1,ADDL $3/mo
Amazon Prime Video,module-border-wrap-amazon-prime-video,https://m.media-amazon.com/images/I/413+SVFO39L.png,Pokemon: Black and White,https://m.media-amazon.com/images/I/91FJkb7zBtL._AC_UY218_.jpg,193,145,14,2,ADDL $3/mo
Amazon Prime Video,module-border-wrap-amazon-prime-video,https://m.media-amazon.com/images/I/413+SVFO39L.png,Pokemon: Black and White,https://m.media-amazon.com/images/I/91T7r85BjxL._AC_UY218_.jpg,193,145,14,3,ADDL $3/mo
Amazon Prime Video,module-border-wrap-amazon-prime-video,https://m.media-amazon.com/images/I/413+SVFO39L.png,Pokemon: Black and White,https://m.media-amazon.com/images/I/91nsG6LN8AL._AC_UY218_.jpg,193,145,14,4,ADDL $3/mo
Amazon Prime Video,module-border-wrap-amazon-prime-video,https://m.media-amazon.com/images/I/413+SVFO39L.png,Pokemon: Black and White: Rival Destinies,https://m.media-amazon.com/images/I/81VK5LnmmiL._AC_UY218_.jpg,193,145,15,1,ADDL $3/mo
Amazon Prime Video,module-border-wrap-amazon-prime-video,https://m.media-amazon.com/images/I/413+SVFO39L.png,Pokemon: Black and White: Rival Destinies,https://m.media-amazon.com/images/I/81vIaT3VOXL._AC_UY218_.jpg,193,145,15,2,ADDL $3/mo
Amazon Prime Video,module-border-wrap-amazon-prime-video,https://m.media-amazon.com/images/I/413+SVFO39L.png,Pokemon: Black and White: Rival Destinies,https://m.media-amazon.com/images/I/81lFgPxOIvL._AC_UY218_.jpg,193,145,15,3,ADDL $3/mo
Amazon Prime Video,module-border-wrap-amazon-prime-video,https://m.media-amazon.com/images/I/413+SVFO39L.png,Pokemon: Black and White: Rival Destinies,https://m.media-amazon.com/images/I/81eFjheLoqL._AC_UY218_.jpg,193,145,15,4,ADDL $3/mo
Amazon Prime Video,module-border-wrap-amazon-prime-video,https://m.media-amazon.com/images/I/413+SVFO39L.png,Pokemon: Black and White: Adventures in Unova and Beyond,https://m.media-amazon.com/images/I/81h6KFdQSrL._AC_UY218_.jpg,193,145,16,1,ADDL $3/mo
Amazon Prime Video,module-border-wrap-amazon-prime-video,https://m.media-amazon.com/images/I/413+SVFO39L.png,Pokemon: Black and White: Adventures in Unova and Beyond,https://m.media-amazon.com/images/I/81M7CVkUUXL._AC_UY218_.jpg,193,145,16,2,ADDL $3/mo
Amazon Prime Video,module-border-wrap-amazon-prime-video,https://m.media-amazon.com/images/I/413+SVFO39L.png,Pokemon: Black and White: Adventures in Unova and Beyond,https://m.media-amazon.com/images/I/81rGNcfRLtL._AC_UY218_.jpg,193,145,16,3,ADDL $3/mo
Amazon Prime Video,module-border-wrap-amazon-prime-video,https://m.media-amazon.com/images/I/413+SVFO39L.png,Pokemon: Black and White: Adventures in Unova and Beyond,https://m.media-amazon.com/images/I/81rEflA5kDL._AC_UY218_.jpg,193,145,16,4,ADDL $3/mo
Amazon Prime Video,module-border-wrap-amazon-prime-video,https://m.media-amazon.com/images/I/413+SVFO39L.png,Pokemon the Series: XY,https://m.media-amazon.com/images/I/71gxkZwN-rL._AC_UY218_.jpg,193,145,17,1,
Amazon Prime Video,module-border-wrap-amazon-prime-video,https://m.media-amazon.com/images/I/413+SVFO39L.png,Pokemon the Series: XY,https://m.media-amazon.com/images/I/81S1eGu1W8L._AC_UY218_.jpg,193,145,17,2,
Amazon Prime Video,module-border-wrap-amazon-prime-video,https://m.media-amazon.com/images/I/413+SVFO39L.png,Pokemon the Series: XY,https://m.media-amazon.com/images/I/81+amgU4dyL._AC_UY218_.jpg,193,145,17,3,
Amazon Prime Video,module-border-wrap-amazon-prime-video,https://m.media-amazon.com/images/I/413+SVFO39L.png,Pokemon the Series: XY,https://m.media-amazon.com/images/I/81FDs9+BH6L._AC_UY218_.jpg,193,145,17,4,
Amazon Prime Video,module-border-wrap-amazon-prime-video,https://m.media-amazon.com/images/I/413+SVFO39L.png,Pokemon the Series: XY Kalos Quest,https://m.media-amazon.com/images/I/81OzWMJy7jL._AC_UY218_.jpg,193,145,18,1,
Amazon Prime Video,module-border-wrap-amazon-prime-video,https://m.media-amazon.com/images/I/413+SVFO39L.png,Pokemon the Series: XY Kalos Quest,https://m.media-amazon.com/images/S/pv-target-images/7a2513868688808dcee2baee8e7f0855903f5ffc8df2ea1946d4ecc452bc92c3.jpg,193,145,18,2,
Amazon Prime Video,module-border-wrap-amazon-prime-video,https://m.media-amazon.com/images/I/413+SVFO39L.png,Pokemon the Series: XY Kalos Quest,https://m.media-amazon.com/images/I/71w1kHq2xbL._AC_UY218_.jpg,193,145,18,3,
Amazon Prime Video,module-border-wrap-amazon-prime-video,https://m.media-amazon.com/images/I/413+SVFO39L.png,Pokemon the Series: XY Kalos Quest,https://m.media-amazon.com/images/I/81WFzyX79EL._AC_UY218_.jpg,193,145,18,4,
Amazon Prime Video,module-border-wrap-amazon-prime-video,https://m.media-amazon.com/images/I/413+SVFO39L.png,Pokemon the Series: XYZ,https://m.media-amazon.com/images/I/81LGcHKvbIL._AC_UY218_.jpg,193,145,19,1,
Amazon Prime Video,module-border-wrap-amazon-prime-video,https://m.media-amazon.com/images/I/413+SVFO39L.png,Pokemon the Series: XYZ,https://m.media-amazon.com/images/I/81Js5lAC0QL._AC_UY218_.jpg,193,145,19,2,
Amazon Prime Video,module-border-wrap-amazon-prime-video,https://m.media-amazon.com/images/I/413+SVFO39L.png,Pokemon the Series: XYZ,https://m.media-amazon.com/images/I/81MfUWG6T0L._AC_UY218_.jpg,193,145,19,3,
Amazon Prime Video,module-border-wrap-amazon-prime-video,https://m.media-amazon.com/images/I/413+SVFO39L.png,Pokemon the Series: XYZ,https://m.media-amazon.com/images/I/81TOoENLWzL._AC_UY218_.jpg,193,145,19,4,
Amazon Prime Video,module-border-wrap-amazon-prime-video,https://m.media-amazon.com/images/I/413+SVFO39L.png,Pokemon the Series: Sun and Moon,https://m.media-amazon.com/images/I/81yuf9X+hRL._AC_UY218_.jpg,193,145,20,1,ADDL $3/mo
Amazon Prime Video,module-border-wrap-amazon-prime-video,https://m.media-amazon.com/images/I/413+SVFO39L.png,Pokemon the Series: Sun and Moon,https://m.media-amazon.com/images/I/81d386ouIwL._AC_UY218_.jpg,193,145,20,2,ADDL $3/mo
Amazon Prime Video,module-border-wrap-amazon-prime-video,https://m.media-amazon.com/images/I/413+SVFO39L.png,Pokemon the Series: Sun and Moon,https://m.media-amazon.com/images/S/pv-target-images/257549eeb1333db39e8df87f5e6d2ffcfde440604b09e974b5504b1796243d17.jpg,193,145,20,3,ADDL $3/mo
Amazon Prime Video,module-border-wrap-amazon-prime-video,https://m.media-amazon.com/images/I/413+SVFO39L.png,Pokemon the Series: Sun and Moon,https://images-na.ssl-images-amazon.com/images/S/pv-target-images/3c69bfc1f28745e816e54d7e0cfeada603e75383e3cebb0aed8092b7e533178f._RI_TTW_AC_SX720_FMjpg_.jpg,193,145,20,4,ADDL $3/mo
Amazon Prime Video,module-border-wrap-amazon-prime-video,https://m.media-amazon.com/images/I/413+SVFO39L.png,Pokemon the Series: Sun and Moon - Ultra Adventures,https://m.media-amazon.com/images/I/81MHZzJP1wL._AC_UY218_.jpg,193,145,21,1,ADDL $3/mo
Amazon Prime Video,module-border-wrap-amazon-prime-video,https://m.media-amazon.com/images/I/413+SVFO39L.png,Pokemon the Series: Sun and Moon - Ultra Adventures,https://m.media-amazon.com/images/I/81VvCIT6UhL._AC_UY218_.jpg,193,145,21,2,ADDL $3/mo
Amazon Prime Video,module-border-wrap-amazon-prime-video,https://m.media-amazon.com/images/I/413+SVFO39L.png,Pokemon the Series: Sun and Moon - Ultra Adventures,https://m.media-amazon.com/images/I/81FyMAmoxwL._AC_UY218_.jpg,193,145,21,3,ADDL $3/mo
Amazon Prime Video,module-border-wrap-amazon-prime-video,https://m.media-amazon.com/images/I/413+SVFO39L.png,Pokemon the Series: Sun and Moon - Ultra Adventures,https://m.media-amazon.com/images/I/71IvPWbbI9L._AC_UY218_.jpg,193,145,21,4,ADDL $3/mo
Amazon Prime Video,module-border-wrap-amazon-prime-video,https://m.media-amazon.com/images/I/413+SVFO39L.png,Pokemon the Series: Sun and Moon - Ultra Legends,https://m.media-amazon.com/images/I/81JPzlV4w8L._AC_UY218_.jpg,193,145,22,1,ADDL $3/mo
Amazon Prime Video,module-border-wrap-amazon-prime-video,https://m.media-amazon.com/images/I/413+SVFO39L.png,Pokemon the Series: Sun and Moon - Ultra Legends,https://m.media-amazon.com/images/I/818OLgHDEzL._AC_UY218_.jpg,193,145,22,2,ADDL $3/mo
Amazon Prime Video,module-border-wrap-amazon-prime-video,https://m.media-amazon.com/images/I/413+SVFO39L.png,Pokemon the Series: Sun and Moon - Ultra Legends,https://m.media-amazon.com/images/I/81v2pY5pNhL._AC_UY218_.jpg,193,145,22,3,ADDL $3/mo
Amazon Prime Video,module-border-wrap-amazon-prime-video,https://m.media-amazon.com/images/I/413+SVFO39L.png,Pokemon the Series: Sun and Moon - Ultra Legends,https://m.media-amazon.com/images/I/81O1YMLhULL._AC_UY218_.jpg,193,145,22,4,ADDL $3/mo
Netflix,module-border-wrap-netflix,https://upload.wikimedia.org/wikipedia/commons/thumb/7/75/Netflix_icon.svg/407px-Netflix_icon.svg.png?20220806170125,Pokemon Journeys: The Series,https://upload.wikimedia.org/wikipedia/en/0/04/Pok%C3%A9mon_S23_-_Posters.png,200,281,23,1,
Netflix,module-border-wrap-netflix,https://upload.wikimedia.org/wikipedia/commons/thumb/7/75/Netflix_icon.svg/407px-Netflix_icon.svg.png?20220806170125,Pokemon Master Journeys: The Series,https://upload.wikimedia.org/wikipedia/en/thumb/f/f4/Pok%C3%A9mon_S24_-_Posters.png/220px-Pok%C3%A9mon_S24_-_Posters.png,198,271,24,1,
Netflix,module-border-wrap-netflix,https://upload.wikimedia.org/wikipedia/commons/thumb/7/75/Netflix_icon.svg/407px-Netflix_icon.svg.png?20220806170125,Pokemon Ultimate Journeys: The Series,https://upload.wikimedia.org/wikipedia/en/1/1f/Pok%C3%A9mon_S25_-_Posters.png,194,290,25,1,